name,image,,,,,,,,,,,,
Hazratullah Zazai,https://images.icc-cricket.com/image/upload/t_player-headshot-portrait-lg/prd/assets/players/6122/65869.png,,,,,,,,,,,,
Ibrahim Zadran,https://images.icc-cricket.com/image/upload/t_player-headshot-portrait-lg/prd/assets/players/6122/67519.png,,,,,,,,,,,,
Najibullah Zadran,https://images.icc-cricket.com/image/upload/t_player-headshot-portrait-lg/prd/assets/players/6122/57991.png,,,,,,,,,,,,
Azmatullah Omarzai,https://images.icc-cricket.com/image/upload/t_player-headshot-portrait-lg/prd/assets/players/6122/67516.png,,,,,,,,,,,,
Gulbadin Naib,https://images.icc-cricket.com/image/upload/t_player-headshot-portrait-lg/prd/assets/players/6122/56961.png,,,,,,,,,,,,
Karim Janat,https://images.icc-cricket.com/image/upload/t_player-headshot-portrait-lg/prd/assets/players/6122/65875.png,,,,,,,,,,,,
Mohammad Nabi,https://images.icc-cricket.com/image/upload/t_player-headshot-portrait-lg/prd/assets/players/6122/7797.png,,,,,,,,,,,,
Mohammad Ishaq,https://images.icc-cricket.com/image/upload/t_player-headshot-portrait-lg/prd/assets/players/6122/18543.png,,,,,,,,,,,,
Rahmanullah Gurbaz,https://images.icc-cricket.com/image/upload/t_player-headshot-portrait-lg/prd/assets/players/6122/68027.png,,,,,,,,,,,,
Fareed Ahmad,https://images.icc-cricket.com/image/upload/t_player-headshot-portrait-lg/prd/assets/players/6122/64937.png,,,,,,,,,,,,
Fazalhaq Farooqi,https://images.icc-cricket.com/image/upload/t_player-headshot-portrait-lg/prd/assets/players/6122/67927.png,,,,,,,,,,,,
Nangeyalia Kharote,https://images.icc-cricket.com/image/upload/t_player-headshot-portrait-lg/prd/assets/players/6122/67729.png,,,,,,,,,,,,
Naveen-ul-Haq,https://images.icc-cricket.com/image/upload/t_player-headshot-portrait-lg/prd/assets/players/6122/65876.png,,,,,,,,,,,,
Noor Ahmad,https://images.icc-cricket.com/image/upload/t_player-headshot-portrait-lg/prd/assets/players/6122/71411.png,,,,,,,,,,,,
Rashid Khan,https://images.icc-cricket.com/image/upload/t_player-headshot-portrait-lg/prd/assets/players/6122/65748.png,,,,,,,,,,,,
Johnson Charles,https://images.icc-cricket.com/image/upload/t_player-headshot-portrait-lg/prd/assets/players/6122/25890.png,,,,,,,,,,,,
Sherfane Rutherford,https://images.icc-cricket.com/image/upload/t_player-headshot-portrait-lg/prd/assets/players/6122/67285.png,,,,,,,,,,,,
Shimron Hetmyer,https://images.icc-cricket.com/image/upload/t_player-headshot-portrait-lg/prd/assets/players/6122/64861.png,,,,,,,,,,,,
Andre Russell,https://images.icc-cricket.com/image/upload/t_player-headshot-portrait-lg/prd/assets/players/6122/12047.png,,,,,,,,,,,,
Kyle Mayers,https://images.icc-cricket.com/image/upload/t_player-headshot-portrait-lg/prd/assets/players/6122/57792.png,,,,,,,,,,,,
Romario Shepherd,https://images.icc-cricket.com/image/upload/t_player-headshot-portrait-lg/prd/assets/players/6122/66243.png,,,,,,,,,,,,
Roston Chase,https://images.icc-cricket.com/image/upload/t_player-headshot-portrait-lg/prd/assets/players/6122/58071.png,,,,,,,,,,,,
Rovman Powell,https://images.icc-cricket.com/image/upload/t_player-headshot-portrait-lg/prd/assets/players/6122/65291.png,,,,,,,,,,,,
Nicholas Pooran,https://images.icc-cricket.com/image/upload/t_player-headshot-portrait-lg/prd/assets/players/6122/63726.png,,,,,,,,,,,,
Shai Hope,https://images.icc-cricket.com/image/upload/t_player-headshot-portrait-lg/prd/assets/players/6122/63797.png,,,,,,,,,,,,
Akeal Hosein,https://images.icc-cricket.com/image/upload/t_player-headshot-portrait-lg/prd/assets/players/6122/57239.png,,,,,,,,,,,,
Alzarri Joseph,https://images.icc-cricket.com/image/upload/t_player-headshot-portrait-lg/prd/assets/players/6122/64264.png,,,,,,,,,,,,
Gudakesh Motie,https://images.icc-cricket.com/image/upload/t_player-headshot-portrait-lg/prd/assets/players/6122/64262.png,,,,,,,,,,,,
Obed McCoy,https://images.icc-cricket.com/image/upload/t_player-headshot-portrait-lg/prd/assets/players/6122/66028.png,,,,,,,,,,,,
Shamar Joseph,https://images.icc-cricket.com/image/upload/t_player-headshot-portrait-lg/prd/assets/players/6122/101907.png,,,,,,,,,,,,
Robinson Obuya,https://images.icc-cricket.com/image/upload/t_player-headshot-portrait-lg/prd/assets/players/6122/74214.png,,,,,,,,,,,,
Roger Mukasa,https://images.icc-cricket.com/image/upload/t_player-headshot-portrait-lg/prd/assets/players/6122/7778.png,,,,,,,,,,,,
Ronak Patel,https://images.icc-cricket.com/image/upload/t_player-headshot-portrait-lg/prd/assets/players/6122/74205.png,,,,,,,,,,,,
Alpesh Ramjani,https://images.icc-cricket.com/image/upload/t_player-headshot-portrait-lg/prd/assets/players/6122/68495.png,,,,,,,,,,,,
Dinesh Nakrani,https://images.icc-cricket.com/image/upload/t_player-headshot-portrait-lg/prd/assets/players/6122/64770.png,,,,,,,,,,,,
Kenneth Waiswa,https://images.icc-cricket.com/image/upload/t_player-headshot-portrait-lg/prd/assets/players/6122/69984.png,,,,,,,,,,,,
Riazat Ali Shah,https://images.icc-cricket.com/image/upload/t_player-headshot-portrait-lg/prd/assets/players/6122/69983.png,,,,,,,,,,,,
Fred Achelam,https://images.icc-cricket.com/image/upload/t_player-headshot-portrait-lg/prd/assets/players/6122/69979.png,,,,,,,,,,,,
Simon Ssesazi,https://images.icc-cricket.com/image/upload/t_player-headshot-portrait-lg/prd/assets/players/6122/85104.png,,,,,,,,,,,,
Bilal Hassan,https://images.icc-cricket.com/image/upload/t_player-headshot-portrait-lg/prd/assets/players/6122/69981.png,,,,,,,,,,,,
Brian Masaba,https://images.icc-cricket.com/image/upload/t_player-headshot-portrait-lg/prd/assets/players/6122/59037.png,,,,,,,,,,,,
Cosmas Kyewuta,https://images.icc-cricket.com/image/upload/t_player-headshot-portrait-lg/prd/assets/players/6122/85103.png,,,,,,,,,,,,
Frank Nsubuga,https://images.icc-cricket.com/image/upload/t_player-headshot-portrait-lg/prd/assets/players/6122/4093.png,,,,,,,,,,,,
Henry Ssenyondo,https://images.icc-cricket.com/image/upload/t_player-headshot-portrait-lg/prd/assets/players/6122/59769.png,,,,,,,,,,,,
Juma Miyagi,https://images.icc-cricket.com/image/upload/t_player-headshot-portrait-lg/prd/assets/players/6122/90644.png,,,,,,,,,,,,
Aaron Jones,https://images.icc-cricket.com/image/upload/t_player-headshot-portrait-lg/prd/assets/players/6122/66237.png,,,,,,,,,,,,
Nitish Kumar,https://images.icc-cricket.com/image/upload/t_player-headshot-portrait-lg/prd/assets/players/6122/9683.png,,,,,,,,,,,,
Shayan Jahangir,https://images.icc-cricket.com/image/upload/t_player-headshot-portrait-lg/prd/assets/players/6122/64154.png,,,,,,,,,,,,
Corey Anderson,https://images.icc-cricket.com/image/upload/t_player-headshot-portrait-lg/prd/assets/players/6122/4332.png,,,,,,,,,,,,
Harmeet Singh,https://images.icc-cricket.com/image/upload/t_player-headshot-portrait-lg/prd/assets/players/6122/36489.png,,,,,,,,,,,,
Milind Kumar,https://images.icc-cricket.com/image/upload/t_player-headshot-portrait-lg/prd/assets/players/6122/14885.png,,,,,,,,,,,,
Nisarg Patel,https://images.icc-cricket.com/image/upload/t_player-headshot-portrait-lg/prd/assets/players/6122/11197.png,,,,,,,,,,,,
Shadley van Schalkwyk,https://images.icc-cricket.com/image/upload/t_player-headshot-portrait-lg/prd/assets/players/6122/9795.png,,,,,,,,,,,,
Steven Taylor,https://images.icc-cricket.com/image/upload/t_player-headshot-portrait-lg/prd/assets/players/6122/10154.png,,,,,,,,,,,,
Andries Gous,https://images.icc-cricket.com/image/upload/t_player-headshot-portrait-lg/prd/assets/players/6122/57274.png,,,,,,,,,,,,
Monank Patel,https://images.icc-cricket.com/image/upload/t_player-headshot-portrait-lg/prd/assets/players/6122/70336.png,,,,,,,,,,,,
Ali Khan,https://images.icc-cricket.com/image/upload/t_player-headshot-portrait-lg/prd/assets/players/6122/66244.png,,,,,,,,,,,,
Jasdeep Singh,https://images.icc-cricket.com/image/upload/t_player-headshot-portrait-lg/prd/assets/players/6122/65600.png,,,,,,,,,,,,
Nosthush Kenjige,https://images.icc-cricket.com/image/upload/t_player-headshot-portrait-lg/prd/assets/players/6122/67389.png,,,,,,,,,,,,
Saurabh Netravalkar,https://images.icc-cricket.com/image/upload/t_player-headshot-portrait-lg/prd/assets/players/6122/63509.png,,,,,,,,,,,,
Charith Asalanka,https://images.icc-cricket.com/image/upload/t_player-headshot-portrait-lg/prd/assets/players/6122/65038.png,,,,,,,,,,,,
Kamindu Mendis,https://images.icc-cricket.com/image/upload/t_player-headshot-portrait-lg/prd/assets/players/6122/65034.png,,,,,,,,,,,,
Pathum Nissanka,https://images.icc-cricket.com/image/upload/t_player-headshot-portrait-lg/prd/assets/players/6122/66368.png,,,,,,,,,,,,
Angelo Mathews,https://images.icc-cricket.com/image/upload/t_player-headshot-portrait-lg/prd/assets/players/6122/5244.png,,,,,,,,,,,,
Dasun Shanaka,https://images.icc-cricket.com/image/upload/t_player-headshot-portrait-lg/prd/assets/players/6122/59067.png,,,,,,,,,,,,
Dhananjaya de Silva,https://images.icc-cricket.com/image/upload/t_player-headshot-portrait-lg/prd/assets/players/6122/57440.png,,,,,,,,,,,,
Wanindu Hasaranga,https://images.icc-cricket.com/image/upload/t_player-headshot-portrait-lg/prd/assets/players/6122/65027.png,,,,,,,,,,,,
Kusal Mendis,https://images.icc-cricket.com/image/upload/t_player-headshot-portrait-lg/prd/assets/players/6122/63882.png,,,,,,,,,,,,
Sadeera Samarawickrama,https://images.icc-cricket.com/image/upload/t_player-headshot-portrait-lg/prd/assets/players/6122/63897.png,,,,,,,,,,,,
Dilshan Madushanka,https://images.icc-cricket.com/image/upload/t_player-headshot-portrait-lg/prd/assets/players/6122/70764.png,,,,,,,,,,,,
Dunith Wellalage,https://images.icc-cricket.com/image/upload/t_player-headshot-portrait-lg/prd/assets/players/6122/69651.png,,,,,,,,,,,,
Dushmantha Chameera,https://images.icc-cricket.com/image/upload/t_player-headshot-portrait-lg/prd/assets/players/6122/58065.png,,,,,,,,,,,,
Maheesh Theekshana,https://images.icc-cricket.com/image/upload/t_player-headshot-portrait-lg/prd/assets/players/6122/69274.png,,,,,,,,,,,,
Matheesha Pathirana,https://images.icc-cricket.com/image/upload/t_player-headshot-portrait-lg/prd/assets/players/6122/73830.png,,,,,,,,,,,,
Nuwan Thushara,https://images.icc-cricket.com/image/upload/t_player-headshot-portrait-lg/prd/assets/players/6122/66158.png,,,,,,,,,,,,
Aiden Markram,https://images.icc-cricket.com/image/upload/t_player-headshot-portrait-lg/prd/assets/players/6122/64219.png,,,,,,,,,,,,
David Miller,https://images.icc-cricket.com/image/upload/t_player-headshot-portrait-lg/prd/assets/players/6122/5313.png,,,,,,,,,,,,
Reeza Hendricks,https://images.icc-cricket.com/image/upload/t_player-headshot-portrait-lg/prd/assets/players/6122/4356.png,,,,,,,,,,,,
Tristan Stubbs,https://images.icc-cricket.com/image/upload/t_player-headshot-portrait-lg/prd/assets/players/6122/74761.png,,,,,,,,,,,,
Keshav Maharaj,https://images.icc-cricket.com/image/upload/t_player-headshot-portrait-lg/prd/assets/players/6122/48607.png,,,,,,,,,,,,
Marco Jansen,https://images.icc-cricket.com/image/upload/t_player-headshot-portrait-lg/prd/assets/players/6122/69409.png,,,,,,,,,,,,
Heinrich Klaasen,https://images.icc-cricket.com/image/upload/t_player-headshot-portrait-lg/prd/assets/players/6122/59736.png,,,,,,,,,,,,
Quinton de Kock,https://images.icc-cricket.com/image/upload/t_player-headshot-portrait-lg/prd/assets/players/6122/28035.png,,,,,,,,,,,,
Ryan Rickelton,https://images.icc-cricket.com/image/upload/t_player-headshot-portrait-lg/prd/assets/players/6122/64941.png,,,,,,,,,,,,
Anrich Nortje,https://images.icc-cricket.com/image/upload/t_player-headshot-portrait-lg/prd/assets/players/6122/63641.png,,,,,,,,,,,,
Bjorn Fortuin,https://images.icc-cricket.com/image/upload/t_player-headshot-portrait-lg/prd/assets/players/6122/64282.png,,,,,,,,,,,,
Gerald Coetzee,https://images.icc-cricket.com/image/upload/t_player-headshot-portrait-lg/prd/assets/players/6122/67443.png,,,,,,,,,,,,
Kagiso Rabada,https://images.icc-cricket.com/image/upload/t_player-headshot-portrait-lg/prd/assets/players/6122/63611.png,,,,,,,,,,,,
Ottneil Baartman,https://images.icc-cricket.com/image/upload/t_player-headshot-portrait-lg/prd/assets/players/6122/65089.png,,,,,,,,,,,,
Tabraiz Shamsi,https://images.icc-cricket.com/image/upload/t_player-headshot-portrait-lg/prd/assets/players/6122/48191.png,,,,,,,,,,,,
Brandon McMullen,https://images.icc-cricket.com/image/upload/t_player-headshot-portrait-lg/prd/assets/players/6122/97960.png,,,,,,,,,,,,
George Munsey,https://images.icc-cricket.com/image/upload/t_player-headshot-portrait-lg/prd/assets/players/6122/64957.png,,,,,,,,,,,,
Michael Jones,https://images.icc-cricket.com/image/upload/t_player-headshot-portrait-lg/prd/assets/players/6122/62804.png,,,,,,,,,,,,
Ollie Hairs,https://images.icc-cricket.com/image/upload/t_player-headshot-portrait-lg/prd/assets/players/6122/11929.png,,,,,,,,,,,,
Richie Berrington,https://images.icc-cricket.com/image/upload/t_player-headshot-portrait-lg/prd/assets/players/6122/4023.png,,,,,,,,,,,,
Michael Leask,https://images.icc-cricket.com/image/upload/t_player-headshot-portrait-lg/prd/assets/players/6122/63917.png,,,,,,,,,,,,
Charlie Tear,https://images.icc-cricket.com/image/upload/t_player-headshot-portrait-lg/prd/assets/players/6122/87903.png,,,,,,,,,,,,
Matthew Cross,https://images.icc-cricket.com/image/upload/t_player-headshot-portrait-lg/prd/assets/players/6122/63122.png,,,,,,,,,,,,
Brad Wheal,https://images.icc-cricket.com/image/upload/t_player-headshot-portrait-lg/prd/assets/players/6122/65564.png,,,,,,,,,,,,
Brad Currie,https://images.icc-cricket.com/image/upload/t_player-headshot-portrait-lg/prd/assets/players/6122/93065.png,,,,,,,,,,,,
Chris Greaves,https://images.icc-cricket.com/image/upload/t_player-headshot-portrait-lg/prd/assets/players/6122/71106.png,,,,,,,,,,,,
Chris Sole,https://images.icc-cricket.com/image/upload/t_player-headshot-portrait-lg/prd/assets/players/6122/64634.png,,,,,,,,,,,,
Jack Jarvis,https://images.icc-cricket.com/image/upload/t_player-headshot-portrait-lg/prd/assets/players/6122/87875.png,,,,,,,,,,,,
Mark Watt,https://images.icc-cricket.com/image/upload/t_player-headshot-portrait-lg/prd/assets/players/6122/64635.png,,,,,,,,,,,,
Safyaan Sharif,https://images.icc-cricket.com/image/upload/t_player-headshot-portrait-lg/prd/assets/players/6122/56957.png,,,,,,,,,,,,
Hiri Hiri,https://images.icc-cricket.com/image/upload/t_player-headshot-portrait-lg/prd/assets/players/6122/64609.png,,,,,,,,,,,,
Lega Siaka,https://images.icc-cricket.com/image/upload/t_player-headshot-portrait-lg/prd/assets/players/6122/60058.png,,,,,,,,,,,,
Tony Ura,https://images.icc-cricket.com/image/upload/t_player-headshot-portrait-lg/prd/assets/players/6122/4434.png,,,,,,,,,,,,
Assad Vala,https://images.icc-cricket.com/image/upload/t_player-headshot-portrait-lg/prd/assets/players/6122/58613.png,,,,,,,,,,,,
Charles Amini,https://images.icc-cricket.com/image/upload/t_player-headshot-portrait-lg/prd/assets/players/6122/4412.png,,,,,,,,,,,,
Sese Bau,https://images.icc-cricket.com/image/upload/t_player-headshot-portrait-lg/prd/assets/players/6122/61329.png,,,,,,,,,,,,
Hila Vare,https://images.icc-cricket.com/image/upload/t_player-headshot-portrait-lg/prd/assets/players/6122/95589.png,,,,,,,,,,,,
Kiplin Doriga,https://images.icc-cricket.com/image/upload/t_player-headshot-portrait-lg/prd/assets/players/6122/64604.png,,,,,,,,,,,,
Alei Nao,https://images.icc-cricket.com/image/upload/t_player-headshot-portrait-lg/prd/assets/players/6122/63123.png,,,,,,,,,,,,
Chad Soper,https://images.icc-cricket.com/image/upload/t_player-headshot-portrait-lg/prd/assets/players/6122/63207.png,,,,,,,,,,,,
Jack Gardner,https://images.icc-cricket.com/image/upload/t_player-headshot-portrait-lg/prd/assets/players/6122/87603.png,,,,,,,,,,,,
John Kariko,https://images.icc-cricket.com/image/upload/t_player-headshot-portrait-lg/prd/assets/players/6122/90885.png,,,,,,,,,,,,
Kabua Morea,https://images.icc-cricket.com/image/upload/t_player-headshot-portrait-lg/prd/assets/players/6122/63135.png,,,,,,,,,,,,
Norman Vanua,https://images.icc-cricket.com/image/upload/t_player-headshot-portrait-lg/prd/assets/players/6122/63137.png,,,,,,,,,,,,
Semo Kamea,https://images.icc-cricket.com/image/upload/t_player-headshot-portrait-lg/prd/assets/players/6122/68129.png,,,,,,,,,,,,
Babar Azam,https://images.icc-cricket.com/image/upload/t_player-headshot-portrait-lg/prd/assets/players/6122/59429.png,,,,,,,,,,,,
Fakhar Zaman,https://images.icc-cricket.com/image/upload/t_player-headshot-portrait-lg/prd/assets/players/6122/57492.png,,,,,,,,,,,,
Saim Ayub,https://images.icc-cricket.com/image/upload/t_player-headshot-portrait-lg/prd/assets/players/6122/70241.png,,,,,,,,,,,,
Usman Khan,https://images.icc-cricket.com/image/upload/t_player-headshot-portrait-lg/prd/assets/players/6122/67777.png,,,,,,,,,,,,
Iftikhar Ahmed,https://images.icc-cricket.com/image/upload/t_player-headshot-portrait-lg/prd/assets/players/6122/24437.png,,,,,,,,,,,,
Imad Wasim,https://images.icc-cricket.com/image/upload/t_player-headshot-portrait-lg/prd/assets/players/6122/11025.png,,,,,,,,,,,,
Shadab Khan,https://images.icc-cricket.com/image/upload/t_player-headshot-portrait-lg/prd/assets/players/6122/65739.png,,,,,,,,,,,,
Azam Khan,https://images.icc-cricket.com/image/upload/t_player-headshot-portrait-lg/prd/assets/players/6122/46260.png,,,,,,,,,,,,
Mohammad Rizwan,https://images.icc-cricket.com/image/upload/t_player-headshot-portrait-lg/prd/assets/players/6122/20286.png,,,,,,,,,,,,
Abbas Afridi,https://images.icc-cricket.com/image/upload/t_player-headshot-portrait-lg/prd/assets/players/6122/69965.png,,,,,,,,,,,,
Abrar Ahmed,https://images.icc-cricket.com/image/upload/t_player-headshot-portrait-lg/prd/assets/players/6122/66884.png,,,,,,,,,,,,
Haris Rauf,https://images.icc-cricket.com/image/upload/t_player-headshot-portrait-lg/prd/assets/players/6122/70326.png,,,,,,,,,,,,
Mohammad Amir,https://images.icc-cricket.com/image/upload/t_player-headshot-portrait-lg/prd/assets/players/6122/7768.png,,,,,,,,,,,,
Naseem Shah,https://images.icc-cricket.com/image/upload/t_player-headshot-portrait-lg/prd/assets/players/6122/69956.png,,,,,,,,,,,,
Shaheen Shah Afridi,https://images.icc-cricket.com/image/upload/t_player-headshot-portrait-lg/prd/assets/players/6122/66833.png,,,,,,,,,,,,
Kashyap Prajapati,https://images.icc-cricket.com/image/upload/t_player-headshot-portrait-lg/prd/assets/players/6122/87546.png,,,,,,,,,,,,
Khalid Kail,https://images.icc-cricket.com/image/upload/t_player-headshot-portrait-lg/prd/assets/players/6122/87543.png,,,,,,,,,,,,
Shoaib Khan,https://images.icc-cricket.com/image/upload/t_player-headshot-portrait-lg/prd/assets/players/6122/87397.png,,,,,,,,,,,,
Aqib Ilyas,https://images.icc-cricket.com/image/upload/t_player-headshot-portrait-lg/prd/assets/players/6122/66873.png,,,,,,,,,,,,
Ayaan Khan,https://images.icc-cricket.com/image/upload/t_player-headshot-portrait-lg/prd/assets/players/6122/65943.png,,,,,,,,,,,,
Mohammad Nadeem,https://images.icc-cricket.com/image/upload/t_player-headshot-portrait-lg/prd/assets/players/6122/26709.png,,,,,,,,,,,,
Zeeshan Maqsood,https://images.icc-cricket.com/image/upload/t_player-headshot-portrait-lg/prd/assets/players/6122/65594.png,,,,,,,,,,,,
Naseem Khushi,https://images.icc-cricket.com/image/upload/t_player-headshot-portrait-lg/prd/assets/players/6122/66878.png,,,,,,,,,,,,
Pratik Athavale,https://images.icc-cricket.com/image/upload/t_player-headshot-portrait-lg/prd/assets/players/6122/90720.png,,,,,,,,,,,,
Bilal Khan,https://images.icc-cricket.com/image/upload/t_player-headshot-portrait-lg/prd/assets/players/6122/28370.png,,,,,,,,,,,,
Fayyaz Butt,https://images.icc-cricket.com/image/upload/t_player-headshot-portrait-lg/prd/assets/players/6122/59325.png,,,,,,,,,,,,
Kaleemullah,https://images.icc-cricket.com/image/upload/t_player-headshot-portrait-lg/prd/assets/players/6122/66876.png,,,,,,,,,,,,
Mehran Khan,https://images.icc-cricket.com/image/upload/t_player-headshot-portrait-lg/prd/assets/players/6122/65603.png,,,,,,,,,,,,
Rafiullah,https://images.icc-cricket.com/image/upload/t_player-headshot-portrait-lg/prd/assets/players/6122/87398.png,,,,,,,,,,,,
Shakeel Ahmed,https://images.icc-cricket.com/image/upload/t_player-headshot-portrait-lg/prd/assets/players/6122/90742.png,,,,,,,,,,,,
Kane Williamson,https://images.icc-cricket.com/image/upload/t_player-headshot-portrait-lg/prd/assets/players/6122/4330.png,,,,,,,,,,,,
Mark Chapman,https://images.icc-cricket.com/image/upload/t_player-headshot-portrait-lg/prd/assets/players/6122/60536.png,,,,,,,,,,,,
Daryl Mitchell,https://images.icc-cricket.com/image/upload/t_player-headshot-portrait-lg/prd/assets/players/6122/57444.png,,,,,,,,,,,,
Glenn Phillips,https://images.icc-cricket.com/image/upload/t_player-headshot-portrait-lg/prd/assets/players/6122/65295.png,,,,,,,,,,,,
James Neesham,https://images.icc-cricket.com/image/upload/t_player-headshot-portrait-lg/prd/assets/players/6122/10172.png,,,,,,,,,,,,
Michael Bracewell,https://images.icc-cricket.com/image/upload/t_player-headshot-portrait-lg/prd/assets/players/6122/62325.png,,,,,,,,,,,,
Mitchell Santner,https://images.icc-cricket.com/image/upload/t_player-headshot-portrait-lg/prd/assets/players/6122/57903.png,,,,,,,,,,,,
Rachin Ravindra,https://images.icc-cricket.com/image/upload/t_player-headshot-portrait-lg/prd/assets/players/6122/66053.png,,,,,,,,,,,,
Devon Conway,https://images.icc-cricket.com/image/upload/t_player-headshot-portrait-lg/prd/assets/players/6122/13177.png,,,,,,,,,,,,
Finn Allen,https://images.icc-cricket.com/image/upload/t_player-headshot-portrait-lg/prd/assets/players/6122/66046.png,,,,,,,,,,,,
Ish Sodhi,https://images.icc-cricket.com/image/upload/t_player-headshot-portrait-lg/prd/assets/players/6122/57625.png,,,,,,,,,,,,
Lockie Ferguson,https://images.icc-cricket.com/image/upload/t_player-headshot-portrait-lg/prd/assets/players/6122/63719.png,,,,,,,,,,,,
Matt Henry,https://images.icc-cricket.com/image/upload/t_player-headshot-portrait-lg/prd/assets/players/6122/60544.png,,,,,,,,,,,,
Tim Southee,https://images.icc-cricket.com/image/upload/t_player-headshot-portrait-lg/prd/assets/players/6122/4235.png,,,,,,,,,,,,
Trent Boult,https://images.icc-cricket.com/image/upload/t_player-headshot-portrait-lg/prd/assets/players/6122/4338.png,,,,,,,,,,,,
Max O'Dowd,https://images.icc-cricket.com/image/upload/t_player-headshot-portrait-lg/prd/assets/players/6122/65585.png,,,,,,,,,,,,
Michael Levitt,https://images.icc-cricket.com/image/upload/t_player-headshot-portrait-lg/prd/assets/players/6122/107562.png,,,,,,,,,,,,
Teja Nidamanuru,https://images.icc-cricket.com/image/upload/t_player-headshot-portrait-lg/prd/assets/players/6122/68002.png,,,,,,,,,,,,
Vikramjit Singh,https://images.icc-cricket.com/image/upload/t_player-headshot-portrait-lg/prd/assets/players/6122/73256.png,,,,,,,,,,,,
Bas de Leede,https://images.icc-cricket.com/image/upload/t_player-headshot-portrait-lg/prd/assets/players/6122/67717.png,,,,,,,,,,,,
Logan van Beek,https://images.icc-cricket.com/image/upload/t_player-headshot-portrait-lg/prd/assets/players/6122/10176.png,,,,,,,,,,,,
Sybrand Engelbrecht,https://images.icc-cricket.com/image/upload/t_player-headshot-portrait-lg/prd/assets/players/6122/4359.png,,,,,,,,,,,,
Scott Edwards,https://images.icc-cricket.com/image/upload/t_player-headshot-portrait-lg/prd/assets/players/6122/67919.png,,,,,,,,,,,,
Wesley Barresi,https://images.icc-cricket.com/image/upload/t_player-headshot-portrait-lg/prd/assets/players/6122/9876.png,,,,,,,,,,,,
Aryan Dutt,https://images.icc-cricket.com/image/upload/t_player-headshot-portrait-lg/prd/assets/players/6122/81030.png,,,,,,,,,,,,
Kyle Klein,https://images.icc-cricket.com/image/upload/t_player-headshot-portrait-lg/prd/assets/players/6122/112100.png,,,,,,,,,,,,
Paul van Meekeren,https://images.icc-cricket.com/image/upload/t_player-headshot-portrait-lg/prd/assets/players/6122/63893.png,,,,,,,,,,,,
Saqib Zulfiqar,https://images.icc-cricket.com/image/upload/t_player-headshot-portrait-lg/prd/assets/players/6122/67421.png,,,,,,,,,,,,
Tim Pringle,https://images.icc-cricket.com/image/upload/t_player-headshot-portrait-lg/prd/assets/players/6122/72579.png,,,,,,,,,,,,
Vivian Kingma,https://images.icc-cricket.com/image/upload/t_player-headshot-portrait-lg/prd/assets/players/6122/63937.png,,,,,,,,,,,,
Kushal Bhurtel,https://images.icc-cricket.com/image/upload/t_player-headshot-portrait-lg/prd/assets/players/6122/66128.png,,,,,,,,,,,,
Rohit Paudel,https://images.icc-cricket.com/image/upload/t_player-headshot-portrait-lg/prd/assets/players/6122/68435.png,,,,,,,,,,,,
Sundeep Jora,https://images.icc-cricket.com/image/upload/t_player-headshot-portrait-lg/prd/assets/players/6122/70245.png,,,,,,,,,,,,
Dipendra Singh Airee,https://images.icc-cricket.com/image/upload/t_player-headshot-portrait-lg/prd/assets/players/6122/66061.png,,,,,,,,,,,,
Gulsan Jha,https://images.icc-cricket.com/image/upload/t_player-headshot-portrait-lg/prd/assets/players/6122/87400.png,,,,,,,,,,,,
Kushal Malla,https://images.icc-cricket.com/image/upload/t_player-headshot-portrait-lg/prd/assets/players/6122/70515.png,,,,,,,,,,,,
Aasif Sheikh,https://images.icc-cricket.com/image/upload/t_player-headshot-portrait-lg/prd/assets/players/6122/67193.png,,,,,,,,,,,,
Anil Sah,https://images.icc-cricket.com/image/upload/t_player-headshot-portrait-lg/prd/assets/players/6122/68436.png,,,,,,,,,,,,
Abinash Bohara,https://images.icc-cricket.com/image/upload/t_player-headshot-portrait-lg/prd/assets/players/6122/70514.png,,,,,,,,,,,,
Kamal Airee,https://images.icc-cricket.com/image/upload/t_player-headshot-portrait-lg/prd/assets/players/6122/70238.png,,,,,,,,,,,,
Karan KC,https://images.icc-cricket.com/image/upload/t_player-headshot-portrait-lg/prd/assets/players/6122/65314.png,,,,,,,,,,,,
Lalit Rajbanshi,https://images.icc-cricket.com/image/upload/t_player-headshot-portrait-lg/prd/assets/players/6122/45117.png,,,,,,,,,,,,
Pratis GC,https://images.icc-cricket.com/image/upload/t_player-headshot-portrait-lg/prd/assets/players/6122/72478.png,,,,,,,,,,,,
Sagar Dhakal,https://images.icc-cricket.com/image/upload/t_player-headshot-portrait-lg/prd/assets/players/6122/70244.png,,,,,,,,,,,,
Sandeep Lamichhane,https://images.icc-cricket.com/image/upload/t_player-headshot-portrait-lg/prd/assets/players/6122/66066.png,,,,,,,,,,,,
Sompal Kami,https://images.icc-cricket.com/image/upload/t_player-headshot-portrait-lg/prd/assets/players/6122/64545.png,,,,,,,,,,,,
Malan Kruger,https://images.icc-cricket.com/image/upload/t_player-headshot-portrait-lg/prd/assets/players/6122/63175.png,,,,,,,,,,,,
Michael van Lingen,https://images.icc-cricket.com/image/upload/t_player-headshot-portrait-lg/prd/assets/players/6122/65992.png,,,,,,,,,,,,
Nikolaas Davin,https://images.icc-cricket.com/image/upload/t_player-headshot-portrait-lg/prd/assets/players/6122/65757.png,,,,,,,,,,,,
David Wiese,https://images.icc-cricket.com/image/upload/t_player-headshot-portrait-lg/prd/assets/players/6122/45853.png,,,,,,,,,,,,
Dylan Leicher,https://images.icc-cricket.com/image/upload/t_player-headshot-portrait-lg/prd/assets/players/6122/92247.png,,,,,,,,,,,,
Jan Frylinck,https://images.icc-cricket.com/image/upload/t_player-headshot-portrait-lg/prd/assets/players/6122/57688.png,,,,,,,,,,,,
JJ Smit,https://images.icc-cricket.com/image/upload/t_player-headshot-portrait-lg/prd/assets/players/6122/57715.png,,,,,,,,,,,,
Gerhard Erasmus,https://images.icc-cricket.com/image/upload/t_player-headshot-portrait-lg/prd/assets/players/6122/57890.png,,,,,,,,,,,,
JP Kotze,https://images.icc-cricket.com/image/upload/t_player-headshot-portrait-lg/prd/assets/players/6122/63787.png,,,,,,,,,,,,
Zane Green,https://images.icc-cricket.com/image/upload/t_player-headshot-portrait-lg/prd/assets/players/6122/64234.png,,,,,,,,,,,,
Ben Shikongo,https://images.icc-cricket.com/image/upload/t_player-headshot-portrait-lg/prd/assets/players/6122/67973.png,,,,,,,,,,,,
Bernard Scholtz,https://images.icc-cricket.com/image/upload/t_player-headshot-portrait-lg/prd/assets/players/6122/59032.png,,,,,,,,,,,,
Jack Brassell,https://images.icc-cricket.com/image/upload/t_player-headshot-portrait-lg/prd/assets/players/6122/109224.png,,,,,,,,,,,,
Ruben Trumpelmann,https://images.icc-cricket.com/image/upload/t_player-headshot-portrait-lg/prd/assets/players/6122/67897.png,,,,,,,,,,,,
Tangeni Lungameni,https://images.icc-cricket.com/image/upload/t_player-headshot-portrait-lg/prd/assets/players/6122/66039.png,,,,,,,,,,,,
Andy Balbirnie,https://images.icc-cricket.com/image/upload/t_player-headshot-portrait-lg/prd/assets/players/6122/4454.png,,,,,,,,,,,,
Harry Tector,https://images.icc-cricket.com/image/upload/t_player-headshot-portrait-lg/prd/assets/players/6122/66085.png,,,,,,,,,,,,
Paul Stirling,https://images.icc-cricket.com/image/upload/t_player-headshot-portrait-lg/prd/assets/players/6122/4476.png,,,,,,,,,,,,
Ross Adair,https://images.icc-cricket.com/image/upload/t_player-headshot-portrait-lg/prd/assets/players/6122/80575.png,,,,,,,,,,,,
Curtis Campher,https://images.icc-cricket.com/image/upload/t_player-headshot-portrait-lg/prd/assets/players/6122/67442.png,,,,,,,,,,,,
Gareth Delany,https://images.icc-cricket.com/image/upload/t_player-headshot-portrait-lg/prd/assets/players/6122/67568.png,,,,,,,,,,,,
George Dockrell,https://images.icc-cricket.com/image/upload/t_player-headshot-portrait-lg/prd/assets/players/6122/9694.png,,,,,,,,,,,,
Lorcan Tucker,https://images.icc-cricket.com/image/upload/t_player-headshot-portrait-lg/prd/assets/players/6122/66087.png,,,,,,,,,,,,
Neil Rock,https://images.icc-cricket.com/image/upload/t_player-headshot-portrait-lg/prd/assets/players/6122/68088.png,,,,,,,,,,,,
Barry McCarthy,https://images.icc-cricket.com/image/upload/t_player-headshot-portrait-lg/prd/assets/players/6122/63157.png,,,,,,,,,,,,
Ben White,https://images.icc-cricket.com/image/upload/t_player-headshot-portrait-lg/prd/assets/players/6122/24825.png,,,,,,,,,,,,
Craig Young,https://images.icc-cricket.com/image/upload/t_player-headshot-portrait-lg/prd/assets/players/6122/59442.png,,,,,,,,,,,,
Graham Hume,https://images.icc-cricket.com/image/upload/t_player-headshot-portrait-lg/prd/assets/players/6122/10138.png,,,,,,,,,,,,
Josh Little,https://images.icc-cricket.com/image/upload/t_player-headshot-portrait-lg/prd/assets/players/6122/66081.png,,,,,,,,,,,,
Mark Adair,https://images.icc-cricket.com/image/upload/t_player-headshot-portrait-lg/prd/assets/players/6122/65690.png,,,,,,,,,,,,
Rohit Sharma,https://images.icc-cricket.com/image/upload/t_player-headshot-portrait-lg/prd/assets/players/6122/3852.png,,,,,,,,,,,,
Suryakumar Yadav,https://images.icc-cricket.com/image/upload/t_player-headshot-portrait-lg/prd/assets/players/6122/11803.png,,,,,,,,,,,,
Virat Kohli,https://images.icc-cricket.com/image/upload/t_player-headshot-portrait-lg/prd/assets/players/6122/3993.png,,,,,,,,,,,,z
Yashasvi Jaiswal,https://images.icc-cricket.com/image/upload/t_player-headshot-portrait-lg/prd/assets/players/6122/69238.png,,,,,,,,,,,,
Axar Patel,https://images.icc-cricket.com/image/upload/t_player-headshot-portrait-lg/prd/assets/players/6122/62576.png,,,,,,,,,,,,
Hardik Pandya,https://images.icc-cricket.com/image/upload/t_player-headshot-portrait-lg/prd/assets/players/6122/63751.png,,,,,,,,,,,,
Ravindra Jadeja,https://images.icc-cricket.com/image/upload/t_player-headshot-portrait-lg/prd/assets/players/6122/3850.png,,,,,,,,,,,,
Shivam Dube,https://images.icc-cricket.com/image/upload/t_player-headshot-portrait-lg/prd/assets/players/6122/66044.png,,,,,,,,,,,,
Rishabh Pant,https://images.icc-cricket.com/image/upload/t_player-headshot-portrait-lg/prd/assets/players/6122/65756.png,,,,,,,,,,,,
Sanju Samson,https://images.icc-cricket.com/image/upload/t_player-headshot-portrait-lg/prd/assets/players/6122/61837.png,,,,,,,,,,,,
Arshdeep Singh,https://images.icc-cricket.com/image/upload/t_player-headshot-portrait-lg/prd/assets/players/6122/67905.png,,,,,,,,,,,,
Jasprit Bumrah,https://images.icc-cricket.com/image/upload/t_player-headshot-portrait-lg/prd/assets/players/6122/63755.png,,,,,,,,,,,,
Kuldeep Yadav,https://images.icc-cricket.com/image/upload/t_player-headshot-portrait-lg/prd/assets/players/6122/63187.png,,,,,,,,,,,,
Mohammed Siraj,https://images.icc-cricket.com/image/upload/t_player-headshot-portrait-lg/prd/assets/players/6122/65799.png,,,,,,,,,,,,
Yuzvendra Chahal,https://images.icc-cricket.com/image/upload/t_player-headshot-portrait-lg/prd/assets/players/6122/9844.png,,,,,,,,,,,,
Ben Duckett,https://images.icc-cricket.com/image/upload/t_player-headshot-portrait-lg/prd/assets/players/6122/63082.png,,,,,,,,,,,,
Harry Brook,https://images.icc-cricket.com/image/upload/t_player-headshot-portrait-lg/prd/assets/players/6122/66374.png,,,,,,,,,,,,
Jonny Bairstow,https://images.icc-cricket.com/image/upload/t_player-headshot-portrait-lg/prd/assets/players/6122/19394.png,,,,,,,,,,,,
Liam Livingstone,https://images.icc-cricket.com/image/upload/t_player-headshot-portrait-lg/prd/assets/players/6122/63940.png,,,,,,,,,,,,
Moeen Ali,https://images.icc-cricket.com/image/upload/t_player-headshot-portrait-lg/prd/assets/players/6122/4688.png,,,,,,,,,,,,
Sam Curran,https://images.icc-cricket.com/image/upload/t_player-headshot-portrait-lg/prd/assets/players/6122/65584.png,,,,,,,,,,,,
Will Jacks,https://images.icc-cricket.com/image/upload/t_player-headshot-portrait-lg/prd/assets/players/6122/66927.png,,,,,,,,,,,,
Jos Buttler,https://images.icc-cricket.com/image/upload/t_player-headshot-portrait-lg/prd/assets/players/6122/9782.png,,,,,,,,,,,,
Phil Salt,https://images.icc-cricket.com/image/upload/t_player-headshot-portrait-lg/prd/assets/players/6122/65632.png,,,,,,,,,,,,
Adil Rashid,https://images.icc-cricket.com/image/upload/t_player-headshot-portrait-lg/prd/assets/players/6122/4661.png,,,,,,,,,,,,
Chris Jordan,https://images.icc-cricket.com/image/upload/t_player-headshot-portrait-lg/prd/assets/players/6122/26718.png,,,,,,,,,,,,
Jofra Archer,https://images.icc-cricket.com/image/upload/t_player-headshot-portrait-lg/prd/assets/players/6122/64254.png,,,,,,,,,,,,
Mark Wood,https://images.icc-cricket.com/image/upload/t_player-headshot-portrait-lg/prd/assets/players/6122/57871.png,,,,,,,,,,,,
Reece Topley,https://images.icc-cricket.com/image/upload/t_player-headshot-portrait-lg/prd/assets/players/6122/58101.png,,,,,,,,,,,,
Tom Hartley,https://images.icc-cricket.com/image/upload/t_player-headshot-portrait-lg/prd/assets/players/6122/72715.png,,,,,,,,,,,,
Aaron Johnson,https://images.icc-cricket.com/image/upload/t_player-headshot-portrait-lg/prd/assets/players/6122/96075.png,,,,,,,,,,,,
Dilpreet Bajwa,https://images.icc-cricket.com/image/upload/t_player-headshot-portrait-lg/prd/assets/players/6122/98211.png,,,,,,,,,,,,
Navneet Dhaliwal,https://images.icc-cricket.com/image/upload/t_player-headshot-portrait-lg/prd/assets/players/6122/65267.png,,,,,,,,,,,,
Nicholas Kirton,https://images.icc-cricket.com/image/upload/t_player-headshot-portrait-lg/prd/assets/players/6122/68433.png,,,,,,,,,,,,
Pargat Singh,https://images.icc-cricket.com/image/upload/t_player-headshot-portrait-lg/prd/assets/players/6122/80359.png,,,,,,,,,,,,
Ravinderpal Singh,https://images.icc-cricket.com/image/upload/t_player-headshot-portrait-lg/prd/assets/players/6122/71753.png,,,,,,,,,,,,
Rayyan Pathan,https://images.icc-cricket.com/image/upload/t_player-headshot-portrait-lg/prd/assets/players/6122/63737.png,,,,,,,,,,,,
Dilon Heyliger,https://images.icc-cricket.com/image/upload/t_player-headshot-portrait-lg/prd/assets/players/6122/68432.png,,,,,,,,,,,,
Saad Bin Zafar,https://images.icc-cricket.com/image/upload/t_player-headshot-portrait-lg/prd/assets/players/6122/40433.png,,,,,,,,,,,,
Shreyas Movva,https://images.icc-cricket.com/image/upload/t_player-headshot-portrait-lg/prd/assets/players/6122/73924.png,,,,,,,,,,,,
Jeremy Gordon,https://images.icc-cricket.com/image/upload/t_player-headshot-portrait-lg/prd/assets/players/6122/55230.png,,,,,,,,,,,,
Junaid Siddiqui,https://images.icc-cricket.com/image/upload/t_player-headshot-portrait-lg/prd/assets/players/6122/56962.png,,,,,,,,,,,,
Kaleem Sana,https://images.icc-cricket.com/image/upload/t_player-headshot-portrait-lg/prd/assets/players/6122/21948.png,,,,,,,,,,,,
Nikhil Dutta,https://images.icc-cricket.com/image/upload/t_player-headshot-portrait-lg/prd/assets/players/6122/63736.png,,,,,,,,,,,,
Rishiv Joshi,https://images.icc-cricket.com/image/upload/t_player-headshot-portrait-lg/prd/assets/players/6122/68110.png,,,,,,,,,,,,
Najmul Hossain Shanto,https://images.icc-cricket.com/image/upload/t_player-headshot-portrait-lg/prd/assets/players/6122/63872.png,,,,,,,,,,,,
Tanzid Hasan,https://images.icc-cricket.com/image/upload/t_player-headshot-portrait-lg/prd/assets/players/6122/70206.png,,,,,,,,,,,,
Towhid Hridoy,https://images.icc-cricket.com/image/upload/t_player-headshot-portrait-lg/prd/assets/players/6122/67719.png,,,,,,,,,,,,
Mahedi Hasan,https://images.icc-cricket.com/image/upload/t_player-headshot-portrait-lg/prd/assets/players/6122/65473.png,,,,,,,,,,,,
Mahmudullah,https://images.icc-cricket.com/image/upload/t_player-headshot-portrait-lg/prd/assets/players/6122/3956.png,,,,,,,,,,,,
Shakib Al Hasan,https://images.icc-cricket.com/image/upload/t_player-headshot-portrait-lg/prd/assets/players/6122/3782.png,,,,,,,,,,,,
Soumya Sarkar,https://images.icc-cricket.com/image/upload/t_player-headshot-portrait-lg/prd/assets/players/6122/61831.png,,,,,,,,,,,,
Jaker Ali,https://images.icc-cricket.com/image/upload/t_player-headshot-portrait-lg/prd/assets/players/6122/65411.png,,,,,,,,,,,,
Litton Das,https://images.icc-cricket.com/image/upload/t_player-headshot-portrait-lg/prd/assets/players/6122/63206.png,,,,,,,,,,,,
Mustafizur Rahman,https://images.icc-cricket.com/image/upload/t_player-headshot-portrait-lg/prd/assets/players/6122/63881.png,,,,,,,,,,,,
Rishad Hossain,https://images.icc-cricket.com/image/upload/t_player-headshot-portrait-lg/prd/assets/players/6122/70203.png,,,,,,,,,,,,
Shoriful Islam,https://images.icc-cricket.com/image/upload/t_player-headshot-portrait-lg/prd/assets/players/6122/66332.png,,,,,,,,,,,,
Tanvir Islam,https://images.icc-cricket.com/image/upload/t_player-headshot-portrait-lg/prd/assets/players/6122/67289.png,,,,,,,,,,,,
Tanzim Hasan Sakib,https://images.icc-cricket.com/image/upload/t_player-headshot-portrait-lg/prd/assets/players/6122/70921.png,,,,,,,,,,,,
Taskin Ahmed,https://images.icc-cricket.com/image/upload/t_player-headshot-portrait-lg/prd/assets/players/6122/58314.png,,,,,,,,,,,,
David Warner,https://images.icc-cricket.com/image/upload/t_player-headshot-portrait-lg/prd/assets/players/6122/5380.png,,,,,,,,,,,,
Tim David,https://images.icc-cricket.com/image/upload/t_player-headshot-portrait-lg/prd/assets/players/6122/67402.png,,,,,,,,,,,,
Travis Head,https://images.icc-cricket.com/image/upload/t_player-headshot-portrait-lg/prd/assets/players/6122/62023.png,,,,,,,,,,,,
Cameron Green,https://images.icc-cricket.com/image/upload/t_player-headshot-portrait-lg/prd/assets/players/6122/66870.png,,,,,,,,,,,,
Glenn Maxwell,https://images.icc-cricket.com/image/upload/t_player-headshot-portrait-lg/prd/assets/players/6122/10085.png,,,,,,,,,,,,
Marcus Stoinis,https://images.icc-cricket.com/image/upload/t_player-headshot-portrait-lg/prd/assets/players/6122/4311.png,,,,,,,,,,,,
Mitchell Marsh,https://images.icc-cricket.com/image/upload/t_player-headshot-portrait-lg/prd/assets/players/6122/10094.png,,,,,,,,,,,,
Josh Inglis,https://images.icc-cricket.com/image/upload/t_player-headshot-portrait-lg/prd/assets/players/6122/65893.png,,,,,,,,,,,,
Matthew Wade,https://images.icc-cricket.com/image/upload/t_player-headshot-portrait-lg/prd/assets/players/6122/4195.png,,,,,,,,,,,,
Adam Zampa,https://images.icc-cricket.com/image/upload/t_player-headshot-portrait-lg/prd/assets/players/6122/58913.png,,,,,,,,,,,,
Ashton Agar,https://images.icc-cricket.com/image/upload/t_player-headshot-portrait-lg/prd/assets/players/6122/57172.png,,,,,,,,,,,,
Josh Hazlewood,https://images.icc-cricket.com/image/upload/t_player-headshot-portrait-lg/prd/assets/players/6122/4255.png,,,,,,,,,,,,
Mitchell Starc,https://images.icc-cricket.com/image/upload/t_player-headshot-portrait-lg/prd/assets/players/6122/10053.png,,,,,,,,,,,,
Nathan Ellis,https://images.icc-cricket.com/image/upload/t_player-headshot-portrait-lg/prd/assets/players/6122/70324.png,,,,,,,,,,,,
Pat Cummins,https://images.icc-cricket.com/image/upload/t_player-headshot-portrait-lg/prd/assets/players/6122/56964.png,,,,,,,,,,,,
Brandon King,"https://img1.hscicdn.com/image/upload/f_auto,t_ds_square_w_320,q_50/lsci/db/PICTURES/CMS/321900/321983.png",,,,,,,,,,,,
Daniel Doram,https://cricx.b-cdn.net/wp-content/uploads/2022/09/Daniel-Doram-754x1024.jpg,,,,,,,,,,,,
Fred Klaassen,"https://img1.hscicdn.com/image/upload/f_auto,t_ds_square_w_640,q_50/lsci/db/PICTURES/CMS/385900/385990.6.png",,,,,,,,,,,,
Harsh Thaker,"https://img1.hscicdn.com/image/upload/f_auto,t_ds_square_w_640,q_50/lsci/db/PICTURES/CMS/366400/366411.png",,,,,,,,,,,,
Jason Holder,"https://img1.hscicdn.com/image/upload/f_auto,t_ds_square_w_640,q_50/lsci/db/PICTURES/CMS/316600/316673.png",,,,,,,,,,,,
Mujeeb Ur Rahman,"https://img1.hscicdn.com/image/upload/f_auto,t_ds_square_w_640,q_50/lsci/db/PICTURES/CMS/383200/383240.png",,,,,,,,,,,,
Peter-Daniel Blignaut,"https://img1.hscicdn.com/image/upload/f_auto,t_h_100_2x/lsci/db/PICTURES/CMS/382000/382049.1.jpg",,,,,,,,,,,,
